ID,Station_Name,Report_Date,Latitude,Longitude,Total_Entering,Total_Exiting
1,12th St/Oakland City Center,2020-01-01,37.803585,-122.271663,321539,320423
2,12th St/Oakland City Center,2020-02-01,37.803585,-122.271663,297540,297382
3,12th St/Oakland City Center,2020-03-01,37.803585,-122.271663,140197,142215
4,12th St/Oakland City Center,2020-04-01,37.803585,-122.271663,18743,20794
5,12th St/Oakland City Center,2020-05-01,37.803585,-122.271663,21363,22685
6,12th St/Oakland City Center,2020-06-01,37.803585,-122.271663,28859,29952
7,12th St/Oakland City Center,2020-07-01,37.803585,-122.271663,31814,33271
8,12th St/Oakland City Center,2020-08-01,37.803585,-122.271663,30941,32485
9,12th St/Oakland City Center,2020-09-01,37.803585,-122.271663,31680,32374
10,12th St/Oakland City Center,2020-10-01,37.803585,-122.271663,36641,37638
11,12th St/Oakland City Center,2020-11-01,37.803585,-122.271663,32798,33633
12,12th St/Oakland City Center,2020-12-01,37.803585,-122.271663,29899,31380
13,12th St/Oakland City Center,2021-01-01,37.803585,-122.271663,27587,28905
14,12th St/Oakland City Center,2021-02-01,37.803585,-122.271663,29238,30784
15,12th St/Oakland City Center,2021-03-01,37.803585,-122.271663,37742,38439
16,12th St/Oakland City Center,2021-04-01,37.803585,-122.271663,41420,41103
17,12th St/Oakland City Center,2021-05-01,37.803585,-122.271663,44183,45378
18,12th St/Oakland City Center,2021-06-01,37.803585,-122.271663,53388,54180
19,12th St/Oakland City Center,2021-07-01,37.803585,-122.271663,60454,61042
20,12th St/Oakland City Center,2021-08-01,37.803585,-122.271663,64688,66242
21,12th St/Oakland City Center,2021-09-01,37.803585,-122.271663,72481,73984
22,12th St/Oakland City Center,2021-10-01,37.803585,-122.271663,74960,76700
23,12th St/Oakland City Center,2021-11-01,37.803585,-122.271663,72185,74009
24,12th St/Oakland City Center,2021-12-01,37.803585,-122.271663,69370,71647
25,16th St/Mission,2020-01-01,37.765049,-122.419695,316194,318987
26,16th St/Mission,2020-02-01,37.765049,-122.419695,305737,308105
27,16th St/Mission,2020-03-01,37.765049,-122.419695,139754,143150
28,16th St/Mission,2020-04-01,37.765049,-122.419695,25118,24948
29,16th St/Mission,2020-05-01,37.765049,-122.419695,29145,28693
30,16th St/Mission,2020-06-01,37.765049,-122.419695,43076,42562
31,16th St/Mission,2020-07-01,37.765049,-122.419695,45927,45669
32,16th St/Mission,2020-08-01,37.765049,-122.419695,45610,45286
33,16th St/Mission,2020-09-01,37.765049,-122.419695,46691,46376
34,16th St/Mission,2020-10-01,37.765049,-122.419695,53956,53380
35,16th St/Mission,2020-11-01,37.765049,-122.419695,47435,47072
36,16th St/Mission,2020-12-01,37.765049,-122.419695,41569,41660
37,16th St/Mission,2021-01-01,37.765049,-122.419695,38834,39024
38,16th St/Mission,2021-02-01,37.765049,-122.419695,43222,43000
39,16th St/Mission,2021-03-01,37.765049,-122.419695,54669,53732
40,16th St/Mission,2021-04-01,37.765049,-122.419695,60022,58497
41,16th St/Mission,2021-05-01,37.765049,-122.419695,68237,67561
42,16th St/Mission,2021-06-01,37.765049,-122.419695,81629,78867
43,16th St/Mission,2021-07-01,37.765049,-122.419695,87657,85204
44,16th St/Mission,2021-08-01,37.765049,-122.419695,92123,90850
45,16th St/Mission,2021-09-01,37.765049,-122.419695,102640,100846
46,16th St/Mission,2021-10-01,37.765049,-122.419695,110438,107878
47,16th St/Mission,2021-11-01,37.765049,-122.419695,105384,104293
48,16th St/Mission,2021-12-01,37.765049,-122.419695,100225,99863
49,19th St/Oakland,2020-01-01,37.808488,-122.268641,314165,316527
50,19th St/Oakland,2020-02-01,37.808488,-122.268641,304480,307182
51,19th St/Oakland,2020-03-01,37.808488,-122.268641,135379,135162
52,19th St/Oakland,2020-04-01,37.808488,-122.268641,13980,14430
53,19th St/Oakland,2020-05-01,37.808488,-122.268641,16164,16251
54,19th St/Oakland,2020-06-01,37.808488,-122.268641,22286,23267
55,19th St/Oakland,2020-07-01,37.808488,-122.268641,25098,25952
56,19th St/Oakland,2020-08-01,37.808488,-122.268641,24750,25697
57,19th St/Oakland,2020-09-01,37.808488,-122.268641,24991,25860
58,19th St/Oakland,2020-10-01,37.808488,-122.268641,28964,30299
59,19th St/Oakland,2020-11-01,37.808488,-122.268641,25981,27272
60,19th St/Oakland,2020-12-01,37.808488,-122.268641,22876,24147
61,19th St/Oakland,2021-01-01,37.808488,-122.268641,21718,22470
62,19th St/Oakland,2021-02-01,37.808488,-122.268641,23628,24608
63,19th St/Oakland,2021-03-01,37.808488,-122.268641,30017,30551
64,19th St/Oakland,2021-04-01,37.808488,-122.268641,33091,33922
65,19th St/Oakland,2021-05-01,37.808488,-122.268641,37739,39329
66,19th St/Oakland,2021-06-01,37.808488,-122.268641,43943,48443
67,19th St/Oakland,2021-07-01,37.808488,-122.268641,50467,53986
68,19th St/Oakland,2021-08-01,37.808488,-122.268641,58183,59927
69,19th St/Oakland,2021-09-01,37.808488,-122.268641,68229,69671
70,19th St/Oakland,2021-10-01,37.808488,-122.268641,71903,73379
71,19th St/Oakland,2021-11-01,37.808488,-122.268641,70559,71118
72,19th St/Oakland,2021-12-01,37.808488,-122.268641,63158,64905
73,24th St/Mission,2020-01-01,37.752227,-122.418455,296940,306711
74,24th St/Mission,2020-02-01,37.752227,-122.418455,286571,295829
75,24th St/Mission,2020-03-01,37.752227,-122.418455,132758,137086
76,24th St/Mission,2020-04-01,37.752227,-122.418455,23064,22874
77,24th St/Mission,2020-05-01,37.752227,-122.418455,27711,27046
78,24th St/Mission,2020-06-01,37.752227,-122.418455,39021,38930
79,24th St/Mission,2020-07-01,37.752227,-122.418455,42451,42151
80,24th St/Mission,2020-08-01,37.752227,-122.418455,42039,41066
81,24th St/Mission,2020-09-01,37.752227,-122.418455,44516,44085
82,24th St/Mission,2020-10-01,37.752227,-122.418455,52579,51871
83,24th St/Mission,2020-11-01,37.752227,-122.418455,47170,46201
84,24th St/Mission,2020-12-01,37.752227,-122.418455,43037,43046
85,24th St/Mission,2021-01-01,37.752227,-122.418455,39824,38733
86,24th St/Mission,2021-02-01,37.752227,-122.418455,43021,41733
87,24th St/Mission,2021-03-01,37.752227,-122.418455,54246,52295
88,24th St/Mission,2021-04-01,37.752227,-122.418455,59292,56514
89,24th St/Mission,2021-05-01,37.752227,-122.418455,63866,65325
90,24th St/Mission,2021-06-01,37.752227,-122.418455,75953,75012
91,24th St/Mission,2021-07-01,37.752227,-122.418455,82936,82209
92,24th St/Mission,2021-08-01,37.752227,-122.418455,90199,89920
93,24th St/Mission,2021-09-01,37.752227,-122.418455,100467,100023
94,24th St/Mission,2021-10-01,37.752227,-122.418455,107578,106352
95,24th St/Mission,2021-11-01,37.752227,-122.418455,103956,103518
96,24th St/Mission,2021-12-01,37.752227,-122.418455,99220,99308
97,Antioch,2020-01-01,37.995388,-121.78042,64516,67114
98,Antioch,2020-02-01,37.995388,-121.78042,61167,63527
99,Antioch,2020-03-01,37.995388,-121.78042,34237,36404
100,Antioch,2020-04-01,37.995388,-121.78042,8462,8714
101,Antioch,2020-05-01,37.995388,-121.78042,10115,9857
102,Antioch,2020-06-01,37.995388,-121.78042,13303,13301
103,Antioch,2020-07-01,37.995388,-121.78042,14100,14931
104,Antioch,2020-08-01,37.995388,-121.78042,14717,14758
105,Antioch,2020-09-01,37.995388,-121.78042,16361,16072
106,Antioch,2020-10-01,37.995388,-121.78042,18333,18054
107,Antioch,2020-11-01,37.995388,-121.78042,15462,15923
108,Antioch,2020-12-01,37.995388,-121.78042,14710,15068
109,Antioch,2021-01-01,37.995388,-121.78042,12481,13886
110,Antioch,2021-02-01,37.995388,-121.78042,15052,14934
111,Antioch,2021-03-01,37.995388,-121.78042,18484,18487
112,Antioch,2021-04-01,37.995388,-121.78042,20599,19958
113,Antioch,2021-05-01,37.995388,-121.78042,21981,20758
114,Antioch,2021-06-01,37.995388,-121.78042,25104,24240
115,Antioch,2021-07-01,37.995388,-121.78042,27371,25931
116,Antioch,2021-08-01,37.995388,-121.78042,29629,28781
117,Antioch,2021-09-01,37.995388,-121.78042,33332,32440
118,Antioch,2021-10-01,37.995388,-121.78042,31370,33094
119,Antioch,2021-11-01,37.995388,-121.78042,31812,32995
120,Antioch,2021-12-01,37.995388,-121.78042,31424,30598
121,Ashby,2020-01-01,37.85257,-122.269981,116328,119576
122,Ashby,2020-02-01,37.85257,-122.269981,111543,116041
123,Ashby,2020-03-01,37.85257,-122.269981,49538,50987
124,Ashby,2020-04-01,37.85257,-122.269981,7984,8157
125,Ashby,2020-05-01,37.85257,-122.269981,8867,8953
126,Ashby,2020-06-01,37.85257,-122.269981,12611,12655
127,Ashby,2020-07-01,37.85257,-122.269981,13725,13795
128,Ashby,2020-08-01,37.85257,-122.269981,13464,13428
129,Ashby,2020-09-01,37.85257,-122.269981,13234,13629
130,Ashby,2020-10-01,37.85257,-122.269981,15099,15605
131,Ashby,2020-11-01,37.85257,-122.269981,13841,14219
132,Ashby,2020-12-01,37.85257,-122.269981,12645,12893
133,Ashby,2021-01-01,37.85257,-122.269981,12202,12117
134,Ashby,2021-02-01,37.85257,-122.269981,12696,12954
135,Ashby,2021-03-01,37.85257,-122.269981,16222,16316
136,Ashby,2021-04-01,37.85257,-122.269981,17965,17833
137,Ashby,2021-05-01,37.85257,-122.269981,20117,21136
138,Ashby,2021-06-01,37.85257,-122.269981,23724,24974
139,Ashby,2021-07-01,37.85257,-122.269981,25949,27304
140,Ashby,2021-08-01,37.85257,-122.269981,29571,30485
141,Ashby,2021-09-01,37.85257,-122.269981,32883,34265
142,Ashby,2021-10-01,37.85257,-122.269981,34628,36405
143,Ashby,2021-11-01,37.85257,-122.269981,32730,34134
144,Ashby,2021-12-01,37.85257,-122.269981,29762,31871
145,Balboa Park,2020-01-01,37.721346,-122.447574,236204,263201
146,Balboa Park,2020-02-01,37.721346,-122.447574,228768,257371
147,Balboa Park,2020-03-01,37.721346,-122.447574,115250,128549
148,Balboa Park,2020-04-01,37.721346,-122.447574,19406,20565
149,Balboa Park,2020-05-01,37.721346,-122.447574,23270,25346
150,Balboa Park,2020-06-01,37.721346,-122.447574,33374,35653
151,Balboa Park,2020-07-01,37.721346,-122.447574,38042,40942
152,Balboa Park,2020-08-01,37.721346,-122.447574,36977,39468
153,Balboa Park,2020-09-01,37.721346,-122.447574,38815,41617
154,Balboa Park,2020-10-01,37.721346,-122.447574,43597,47249
155,Balboa Park,2020-11-01,37.721346,-122.447574,39766,43112
156,Balboa Park,2020-12-01,37.721346,-122.447574,37552,39712
157,Balboa Park,2021-01-01,37.721346,-122.447574,34783,36653
158,Balboa Park,2021-02-01,37.721346,-122.447574,35589,38457
159,Balboa Park,2021-03-01,37.721346,-122.447574,43973,47480
160,Balboa Park,2021-04-01,37.721346,-122.447574,45918,49569
161,Balboa Park,2021-05-01,37.721346,-122.447574,48239,52304
162,Balboa Park,2021-06-01,37.721346,-122.447574,53016,58510
163,Balboa Park,2021-07-01,37.721346,-122.447574,56143,62477
164,Balboa Park,2021-08-01,37.721346,-122.447574,65332,70253
165,Balboa Park,2021-09-01,37.721346,-122.447574,72149,78244
166,Balboa Park,2021-10-01,37.721346,-122.447574,72494,79294
167,Balboa Park,2021-11-01,37.721346,-122.447574,71851,78591
168,Balboa Park,2021-12-01,37.721346,-122.447574,67601,75598
169,Bay Fair,2020-01-01,37.696911,-122.126446,124581,125724
170,Bay Fair,2020-02-01,37.696911,-122.126446,119927,120657
171,Bay Fair,2020-03-01,37.696911,-122.126446,64801,64785
172,Bay Fair,2020-04-01,37.696911,-122.126446,15906,15860
173,Bay Fair,2020-05-01,37.696911,-122.126446,19359,19023
174,Bay Fair,2020-06-01,37.696911,-122.126446,24048,23723
175,Bay Fair,2020-07-01,37.696911,-122.126446,28462,27464
176,Bay Fair,2020-08-01,37.696911,-122.126446,28942,27802
177,Bay Fair,2020-09-01,37.696911,-122.126446,30306,29136
178,Bay Fair,2020-10-01,37.696911,-122.126446,32413,31802
179,Bay Fair,2020-11-01,37.696911,-122.126446,29103,28369
180,Bay Fair,2020-12-01,37.696911,-122.126446,27873,27429
181,Bay Fair,2021-01-01,37.696911,-122.126446,25529,24656
182,Bay Fair,2021-02-01,37.696911,-122.126446,26504,25874
183,Bay Fair,2021-03-01,37.696911,-122.126446,31867,31026
184,Bay Fair,2021-04-01,37.696911,-122.126446,33573,32480
185,Bay Fair,2021-05-01,37.696911,-122.126446,34271,32852
186,Bay Fair,2021-06-01,37.696911,-122.126446,38079,37029
187,Bay Fair,2021-07-01,37.696911,-122.126446,41226,39525
188,Bay Fair,2021-08-01,37.696911,-122.126446,44447,42623
189,Bay Fair,2021-09-01,37.696911,-122.126446,47314,45913
190,Bay Fair,2021-10-01,37.696911,-122.126446,49768,47792
191,Bay Fair,2021-11-01,37.696911,-122.126446,47453,45780
192,Bay Fair,2021-12-01,37.696911,-122.126446,46365,44823
193,Berryessa/North San Jose,2020-01-01,37.368473,-121.874681,0,0
194,Berryessa/North San Jose,2020-02-01,37.368473,-121.874681,0,0
195,Berryessa/North San Jose,2020-03-01,37.368473,-121.874681,0,0
196,Berryessa/North San Jose,2020-04-01,37.368473,-121.874681,0,0
197,Berryessa/North San Jose,2020-05-01,37.368473,-121.874681,0,0
198,Berryessa/North San Jose,2020-06-01,37.368473,-121.874681,4821,4503
199,Berryessa/North San Jose,2020-07-01,37.368473,-121.874681,7219,6497
200,Berryessa/North San Jose,2020-08-01,37.368473,-121.874681,6822,6345
201,Berryessa/North San Jose,2020-09-01,37.368473,-121.874681,6990,6410
202,Berryessa/North San Jose,2020-10-01,37.368473,-121.874681,8360,7792
203,Berryessa/North San Jose,2020-11-01,37.368473,-121.874681,7257,6752
204,Berryessa/North San Jose,2020-12-01,37.368473,-121.874681,6122,5701
205,Berryessa/North San Jose,2021-01-01,37.368473,-121.874681,5765,5433
206,Berryessa/North San Jose,2021-02-01,37.368473,-121.874681,6285,5899
207,Berryessa/North San Jose,2021-03-01,37.368473,-121.874681,7891,7300
208,Berryessa/North San Jose,2021-04-01,37.368473,-121.874681,9100,8366
209,Berryessa/North San Jose,2021-05-01,37.368473,-121.874681,9983,9369
210,Berryessa/North San Jose,2021-06-01,37.368473,-121.874681,11882,11346
211,Berryessa/North San Jose,2021-07-01,37.368473,-121.874681,14337,13509
212,Berryessa/North San Jose,2021-08-01,37.368473,-121.874681,18196,17361
213,Berryessa/North San Jose,2021-09-01,37.368473,-121.874681,21252,20065
214,Berryessa/North San Jose,2021-10-01,37.368473,-121.874681,20860,19805
215,Berryessa/North San Jose,2021-11-01,37.368473,-121.874681,21097,19866
216,Berryessa/North San Jose,2021-12-01,37.368473,-121.874681,17689,16597
217,Castro Valley,2020-01-01,37.690743,-122.075594,62671,64207
218,Castro Valley,2020-02-01,37.690743,-122.075594,60540,60937
219,Castro Valley,2020-03-01,37.690743,-122.075594,28558,28428
220,Castro Valley,2020-04-01,37.690743,-122.075594,4747,4744
221,Castro Valley,2020-05-01,37.690743,-122.075594,5572,5624
222,Castro Valley,2020-06-01,37.690743,-122.075594,7709,7613
223,Castro Valley,2020-07-01,37.690743,-122.075594,8549,9162
224,Castro Valley,2020-08-01,37.690743,-122.075594,8208,8371
225,Castro Valley,2020-09-01,37.690743,-122.075594,8690,8735
226,Castro Valley,2020-10-01,37.690743,-122.075594,9446,9710
227,Castro Valley,2020-11-01,37.690743,-122.075594,8373,8645
228,Castro Valley,2020-12-01,37.690743,-122.075594,7954,8098
229,Castro Valley,2021-01-01,37.690743,-122.075594,7453,7459
230,Castro Valley,2021-02-01,37.690743,-122.075594,7599,7750
231,Castro Valley,2021-03-01,37.690743,-122.075594,9853,9522
232,Castro Valley,2021-04-01,37.690743,-122.075594,10759,10240
233,Castro Valley,2021-05-01,37.690743,-122.075594,11930,11456
234,Castro Valley,2021-06-01,37.690743,-122.075594,13495,13470
235,Castro Valley,2021-07-01,37.690743,-122.075594,14984,15180
236,Castro Valley,2021-08-01,37.690743,-122.075594,17197,16693
237,Castro Valley,2021-09-01,37.690743,-122.075594,18184,18004
238,Castro Valley,2021-10-01,37.690743,-122.075594,19285,19070
239,Castro Valley,2021-11-01,37.690743,-122.075594,19084,18671
240,Castro Valley,2021-12-01,37.690743,-122.075594,18833,18755
241,Civic Center/UN Plaza,2020-01-01,37.779389,-122.413923,531561,571848
242,Civic Center/UN Plaza,2020-02-01,37.779389,-122.413923,505979,550548
243,Civic Center/UN Plaza,2020-03-01,37.779389,-122.413923,236673,262439
244,Civic Center/UN Plaza,2020-04-01,37.779389,-122.413923,46000,49342
245,Civic Center/UN Plaza,2020-05-01,37.779389,-122.413923,49767,54046
246,Civic Center/UN Plaza,2020-06-01,37.779389,-122.413923,65832,72666
247,Civic Center/UN Plaza,2020-07-01,37.779389,-122.413923,72228,76051
248,Civic Center/UN Plaza,2020-08-01,37.779389,-122.413923,69702,75877
249,Civic Center/UN Plaza,2020-09-01,37.779389,-122.413923,73238,78905
250,Civic Center/UN Plaza,2020-10-01,37.779389,-122.413923,83868,88884
251,Civic Center/UN Plaza,2020-11-01,37.779389,-122.413923,72570,77532
252,Civic Center/UN Plaza,2020-12-01,37.779389,-122.413923,66216,71648
253,Civic Center/UN Plaza,2021-01-01,37.779389,-122.413923,61280,66608
254,Civic Center/UN Plaza,2021-02-01,37.779389,-122.413923,63907,69699
255,Civic Center/UN Plaza,2021-03-01,37.779389,-122.413923,81687,86112
256,Civic Center/UN Plaza,2021-04-01,37.779389,-122.413923,86366,89472
257,Civic Center/UN Plaza,2021-05-01,37.779389,-122.413923,92210,98689
258,Civic Center/UN Plaza,2021-06-01,37.779389,-122.413923,112466,119464
259,Civic Center/UN Plaza,2021-07-01,37.779389,-122.413923,123537,130298
260,Civic Center/UN Plaza,2021-08-01,37.779389,-122.413923,140210,148182
261,Civic Center/UN Plaza,2021-09-01,37.779389,-122.413923,155107,163472
262,Civic Center/UN Plaza,2021-10-01,37.779389,-122.413923,163358,167544
263,Civic Center/UN Plaza,2021-11-01,37.779389,-122.413923,164111,173135
264,Civic Center/UN Plaza,2021-12-01,37.779389,-122.413923,153566,159498
265,Coliseum,2020-01-01,37.753684,-122.196846,103570,106255
266,Coliseum,2020-02-01,37.753684,-122.196846,113269,114356
267,Coliseum,2020-03-01,37.753684,-122.196846,63464,64188
268,Coliseum,2020-04-01,37.753684,-122.196846,20872,20597
269,Coliseum,2020-05-01,37.753684,-122.196846,23736,23727
270,Coliseum,2020-06-01,37.753684,-122.196846,28712,28898
271,Coliseum,2020-07-01,37.753684,-122.196846,31276,31329
272,Coliseum,2020-08-01,37.753684,-122.196846,29419,30249
273,Coliseum,2020-09-01,37.753684,-122.196846,29952,30734
274,Coliseum,2020-10-01,37.753684,-122.196846,33503,34784
275,Coliseum,2020-11-01,37.753684,-122.196846,29786,30823
276,Coliseum,2020-12-01,37.753684,-122.196846,28596,29462
277,Coliseum,2021-01-01,37.753684,-122.196846,25838,26254
278,Coliseum,2021-02-01,37.753684,-122.196846,27562,28191
279,Coliseum,2021-03-01,37.753684,-122.196846,35650,36394
280,Coliseum,2021-04-01,37.753684,-122.196846,45691,46080
281,Coliseum,2021-05-01,37.753684,-122.196846,46984,47558
282,Coliseum,2021-06-01,37.753684,-122.196846,44494,45046
283,Coliseum,2021-07-01,37.753684,-122.196846,51989,51781
284,Coliseum,2021-08-01,37.753684,-122.196846,74693,73203
285,Coliseum,2021-09-01,37.753684,-122.196846,66733,66339
286,Coliseum,2021-10-01,37.753684,-122.196846,53405,52906
287,Coliseum,2021-11-01,37.753684,-122.196846,45127,45143
288,Coliseum,2021-12-01,37.753684,-122.196846,42482,42790
289,Colma,2020-01-01,37.684617,-122.46621,98981,101654
290,Colma,2020-02-01,37.684617,-122.46621,92243,95555
291,Colma,2020-03-01,37.684617,-122.46621,44452,45772
292,Colma,2020-04-01,37.684617,-122.46621,6304,6662
293,Colma,2020-05-01,37.684617,-122.46621,7224,7868
294,Colma,2020-06-01,37.684617,-122.46621,11278,12076
295,Colma,2020-07-01,37.684617,-122.46621,14137,14678
296,Colma,2020-08-01,37.684617,-122.46621,12682,13335
297,Colma,2020-09-01,37.684617,-122.46621,13801,14384
298,Colma,2020-10-01,37.684617,-122.46621,16030,16811
299,Colma,2020-11-01,37.684617,-122.46621,14190,14513
300,Colma,2020-12-01,37.684617,-122.46621,12770,13102
301,Colma,2021-01-01,37.684617,-122.46621,11305,11404
302,Colma,2021-02-01,37.684617,-122.46621,12824,12758
303,Colma,2021-03-01,37.684617,-122.46621,16241,16373
304,Colma,2021-04-01,37.684617,-122.46621,16926,17126
305,Colma,2021-05-01,37.684617,-122.46621,17642,17535
306,Colma,2021-06-01,37.684617,-122.46621,20604,20934
307,Colma,2021-07-01,37.684617,-122.46621,22498,22914
308,Colma,2021-08-01,37.684617,-122.46621,24529,24773
309,Colma,2021-09-01,37.684617,-122.46621,27241,27275
310,Colma,2021-10-01,37.684617,-122.46621,28469,28536
311,Colma,2021-11-01,37.684617,-122.46621,28805,28459
312,Colma,2021-12-01,37.684617,-122.46621,27415,27573
313,Concord,2020-01-01,37.97382,-122.029049,125110,126898
314,Concord,2020-02-01,37.97382,-122.029049,123754,123419
315,Concord,2020-03-01,37.97382,-122.029049,64118,63464
316,Concord,2020-04-01,37.97382,-122.029049,12206,11889
317,Concord,2020-05-01,37.97382,-122.029049,14094,13991
318,Concord,2020-06-01,37.97382,-122.029049,19904,19929
319,Concord,2020-07-01,37.97382,-122.029049,22585,22913
320,Concord,2020-08-01,37.97382,-122.029049,22947,23247
321,Concord,2020-09-01,37.97382,-122.029049,23334,23493
322,Concord,2020-10-01,37.97382,-122.029049,26109,26089
323,Concord,2020-11-01,37.97382,-122.029049,23468,23503
324,Concord,2020-12-01,37.97382,-122.029049,21644,21321
325,Concord,2021-01-01,37.97382,-122.029049,20165,19753
326,Concord,2021-02-01,37.97382,-122.029049,21181,21173
327,Concord,2021-03-01,37.97382,-122.029049,26191,25937
328,Concord,2021-04-01,37.97382,-122.029049,28011,27980
329,Concord,2021-05-01,37.97382,-122.029049,29161,29450
330,Concord,2021-06-01,37.97382,-122.029049,33021,33826
331,Concord,2021-07-01,37.97382,-122.029049,35415,35596
332,Concord,2021-08-01,37.97382,-122.029049,39537,39511
333,Concord,2021-09-01,37.97382,-122.029049,43719,43575
334,Concord,2021-10-01,37.97382,-122.029049,43692,44075
335,Concord,2021-11-01,37.97382,-122.029049,42108,42238
336,Concord,2021-12-01,37.97382,-122.029049,41131,40997
337,Daly City,2020-01-01,37.706328,-122.468899,207569,207052
338,Daly City,2020-02-01,37.706328,-122.468899,223741,222891
339,Daly City,2020-03-01,37.706328,-122.468899,101878,102171
340,Daly City,2020-04-01,37.706328,-122.468899,16380,16465
341,Daly City,2020-05-01,37.706328,-122.468899,19731,19329
342,Daly City,2020-06-01,37.706328,-122.468899,28528,27771
343,Daly City,2020-07-01,37.706328,-122.468899,33093,32198
344,Daly City,2020-08-01,37.706328,-122.468899,31393,30940
345,Daly City,2020-09-01,37.706328,-122.468899,33323,32161
346,Daly City,2020-10-01,37.706328,-122.468899,38238,37363
347,Daly City,2020-11-01,37.706328,-122.468899,33765,32740
348,Daly City,2020-12-01,37.706328,-122.468899,31510,30167
349,Daly City,2021-01-01,37.706328,-122.468899,29066,27521
350,Daly City,2021-02-01,37.706328,-122.468899,30828,28953
351,Daly City,2021-03-01,37.706328,-122.468899,37768,35891
352,Daly City,2021-04-01,37.706328,-122.468899,38909,37155
353,Daly City,2021-05-01,37.706328,-122.468899,41526,39643
354,Daly City,2021-06-01,37.706328,-122.468899,47287,46461
355,Daly City,2021-07-01,37.706328,-122.468899,53310,51701
356,Daly City,2021-08-01,37.706328,-122.468899,61358,59360
357,Daly City,2021-09-01,37.706328,-122.468899,71362,69711
358,Daly City,2021-10-01,37.706328,-122.468899,74478,72902
359,Daly City,2021-11-01,37.706328,-122.468899,71234,68981
360,Daly City,2021-12-01,37.706328,-122.468899,66828,64669
361,Downtown Berkeley,2020-01-01,37.870311,-122.268146,256367,237367
362,Downtown Berkeley,2020-02-01,37.870311,-122.268146,272519,257831
363,Downtown Berkeley,2020-03-01,37.870311,-122.268146,115173,108043
364,Downtown Berkeley,2020-04-01,37.870311,-122.268146,13736,12267
365,Downtown Berkeley,2020-05-01,37.870311,-122.268146,16350,14528
366,Downtown Berkeley,2020-06-01,37.870311,-122.268146,23288,21542
367,Downtown Berkeley,2020-07-01,37.870311,-122.268146,26570,23753
368,Downtown Berkeley,2020-08-01,37.870311,-122.268146,26998,24487
369,Downtown Berkeley,2020-09-01,37.870311,-122.268146,27234,25169
370,Downtown Berkeley,2020-10-01,37.870311,-122.268146,32027,29725
371,Downtown Berkeley,2020-11-01,37.870311,-122.268146,28965,26872
372,Downtown Berkeley,2020-12-01,37.870311,-122.268146,24559,22921
373,Downtown Berkeley,2021-01-01,37.870311,-122.268146,24230,22054
374,Downtown Berkeley,2021-02-01,37.870311,-122.268146,25391,23376
375,Downtown Berkeley,2021-03-01,37.870311,-122.268146,33208,29731
376,Downtown Berkeley,2021-04-01,37.870311,-122.268146,36545,32434
377,Downtown Berkeley,2021-05-01,37.870311,-122.268146,41973,39219
378,Downtown Berkeley,2021-06-01,37.870311,-122.268146,48525,45921
379,Downtown Berkeley,2021-07-01,37.870311,-122.268146,57712,54706
380,Downtown Berkeley,2021-08-01,37.870311,-122.268146,82150,78910
381,Downtown Berkeley,2021-09-01,37.870311,-122.268146,105007,103382
382,Downtown Berkeley,2021-10-01,37.870311,-122.268146,106369,106433
383,Downtown Berkeley,2021-11-01,37.870311,-122.268146,100243,100106
384,Downtown Berkeley,2021-12-01,37.870311,-122.268146,80671,82309
385,Dublin/Pleasanton,2020-01-01,37.701677,-121.899061,181414,184266
386,Dublin/Pleasanton,2020-02-01,37.701677,-121.899061,170190,174066
387,Dublin/Pleasanton,2020-03-01,37.701677,-121.899061,70079,70742
388,Dublin/Pleasanton,2020-04-01,37.701677,-121.899061,8974,9390
389,Dublin/Pleasanton,2020-05-01,37.701677,-121.899061,10371,10696
390,Dublin/Pleasanton,2020-06-01,37.701677,-121.899061,15106,15404
391,Dublin/Pleasanton,2020-07-01,37.701677,-121.899061,17466,17651
392,Dublin/Pleasanton,2020-08-01,37.701677,-121.899061,17479,17475
393,Dublin/Pleasanton,2020-09-01,37.701677,-121.899061,17937,18198
394,Dublin/Pleasanton,2020-10-01,37.701677,-121.899061,20120,20272
395,Dublin/Pleasanton,2020-11-01,37.701677,-121.899061,17812,18128
396,Dublin/Pleasanton,2020-12-01,37.701677,-121.899061,15772,15927
397,Dublin/Pleasanton,2021-01-01,37.701677,-121.899061,14929,15049
398,Dublin/Pleasanton,2021-02-01,37.701677,-121.899061,16043,16312
399,Dublin/Pleasanton,2021-03-01,37.701677,-121.899061,20161,20307
400,Dublin/Pleasanton,2021-04-01,37.701677,-121.899061,23203,23597
401,Dublin/Pleasanton,2021-05-01,37.701677,-121.899061,25707,26221
402,Dublin/Pleasanton,2021-06-01,37.701677,-121.899061,31381,32258
403,Dublin/Pleasanton,2021-07-01,37.701677,-121.899061,37700,38652
404,Dublin/Pleasanton,2021-08-01,37.701677,-121.899061,40957,40974
405,Dublin/Pleasanton,2021-09-01,37.701677,-121.899061,41729,42355
406,Dublin/Pleasanton,2021-10-01,37.701677,-121.899061,43096,43611
407,Dublin/Pleasanton,2021-11-01,37.701677,-121.899061,41368,41423
408,Dublin/Pleasanton,2021-12-01,37.701677,-121.899061,40434,40931
409,El Cerrito del Norte,2020-01-01,37.925187,-122.316902,182571,174522
410,El Cerrito del Norte,2020-02-01,37.925187,-122.316902,173496,168330
411,El Cerrito del Norte,2020-03-01,37.925187,-122.316902,94734,89918
412,El Cerrito del Norte,2020-04-01,37.925187,-122.316902,21388,20602
413,El Cerrito del Norte,2020-05-01,37.925187,-122.316902,23684,23050
414,El Cerrito del Norte,2020-06-01,37.925187,-122.316902,33774,32198
415,El Cerrito del Norte,2020-07-01,37.925187,-122.316902,36704,35346
416,El Cerrito del Norte,2020-08-01,37.925187,-122.316902,36088,34577
417,El Cerrito del Norte,2020-09-01,37.925187,-122.316902,37323,35535
418,El Cerrito del Norte,2020-10-01,37.925187,-122.316902,41841,40158
419,El Cerrito del Norte,2020-11-01,37.925187,-122.316902,36602,35140
420,El Cerrito del Norte,2020-12-01,37.925187,-122.316902,34670,33111
421,El Cerrito del Norte,2021-01-01,37.925187,-122.316902,34176,32070
422,El Cerrito del Norte,2021-02-01,37.925187,-122.316902,35657,33427
423,El Cerrito del Norte,2021-03-01,37.925187,-122.316902,24971,39543
424,El Cerrito del Norte,2021-04-01,37.925187,-122.316902,15716,41276
425,El Cerrito del Norte,2021-05-01,37.925187,-122.316902,45726,43023
426,El Cerrito del Norte,2021-06-01,37.925187,-122.316902,52352,49764
427,El Cerrito del Norte,2021-07-01,37.925187,-122.316902,52642,53196
428,El Cerrito del Norte,2021-08-01,37.925187,-122.316902,60294,60063
429,El Cerrito del Norte,2021-09-01,37.925187,-122.316902,68923,66799
430,El Cerrito del Norte,2021-10-01,37.925187,-122.316902,72106,68154
431,El Cerrito del Norte,2021-11-01,37.925187,-122.316902,69473,65712
432,El Cerrito del Norte,2021-12-01,37.925187,-122.316902,66646,63280
433,El Cerrito Plaza,2020-01-01,37.90263,-122.298935,111513,109411
434,El Cerrito Plaza,2020-02-01,37.90263,-122.298935,108489,106498
435,El Cerrito Plaza,2020-03-01,37.90263,-122.298935,48705,47085
436,El Cerrito Plaza,2020-04-01,37.90263,-122.298935,7229,6953
437,El Cerrito Plaza,2020-05-01,37.90263,-122.298935,8205,8090
438,El Cerrito Plaza,2020-06-01,37.90263,-122.298935,12456,11917
439,El Cerrito Plaza,2020-07-01,37.90263,-122.298935,13693,13263
440,El Cerrito Plaza,2020-08-01,37.90263,-122.298935,13658,13498
441,El Cerrito Plaza,2020-09-01,37.90263,-122.298935,14402,13752
442,El Cerrito Plaza,2020-10-01,37.90263,-122.298935,17084,16309
443,El Cerrito Plaza,2020-11-01,37.90263,-122.298935,15494,14695
444,El Cerrito Plaza,2020-12-01,37.90263,-122.298935,14052,13346
445,El Cerrito Plaza,2021-01-01,37.90263,-122.298935,13127,12586
446,El Cerrito Plaza,2021-02-01,37.90263,-122.298935,13744,13175
447,El Cerrito Plaza,2021-03-01,37.90263,-122.298935,17493,16574
448,El Cerrito Plaza,2021-04-01,37.90263,-122.298935,18855,18117
449,El Cerrito Plaza,2021-05-01,37.90263,-122.298935,20631,20834
450,El Cerrito Plaza,2021-06-01,37.90263,-122.298935,25499,25481
451,El Cerrito Plaza,2021-07-01,37.90263,-122.298935,28199,27906
452,El Cerrito Plaza,2021-08-01,37.90263,-122.298935,31532,31464
453,El Cerrito Plaza,2021-09-01,37.90263,-122.298935,36026,36050
454,El Cerrito Plaza,2021-10-01,37.90263,-122.298935,37240,37675
455,El Cerrito Plaza,2021-11-01,37.90263,-122.298935,36159,36232
456,El Cerrito Plaza,2021-12-01,37.90263,-122.298935,34529,34666
457,Embarcadero,2020-01-01,37.792849,-122.396888,1078049,908171
458,Embarcadero,2020-02-01,37.792849,-122.396888,1010902,848546
459,Embarcadero,2020-03-01,37.792849,-122.396888,411482,344705
460,Embarcadero,2020-04-01,37.792849,-122.396888,33379,28961
461,Embarcadero,2020-05-01,37.792849,-122.396888,40799,36518
462,Embarcadero,2020-06-01,37.792849,-122.396888,64809,57381
463,Embarcadero,2020-07-01,37.792849,-122.396888,71749,64984
464,Embarcadero,2020-08-01,37.792849,-122.396888,72262,64364
465,Embarcadero,2020-09-01,37.792849,-122.396888,74625,66338
466,Embarcadero,2020-10-01,37.792849,-122.396888,88147,77255
467,Embarcadero,2020-11-01,37.792849,-122.396888,76617,67892
468,Embarcadero,2020-12-01,37.792849,-122.396888,66995,59918
469,Embarcadero,2021-01-01,37.792849,-122.396888,61670,56212
470,Embarcadero,2021-02-01,37.792849,-122.396888,67378,61000
471,Embarcadero,2021-03-01,37.792849,-122.396888,87350,76719
472,Embarcadero,2021-04-01,37.792849,-122.396888,98119,84135
473,Embarcadero,2021-05-01,37.792849,-122.396888,116936,100912
474,Embarcadero,2021-06-01,37.792849,-122.396888,160661,136281
475,Embarcadero,2021-07-01,37.792849,-122.396888,197199,169410
476,Embarcadero,2021-08-01,37.792849,-122.396888,195396,171199
477,Embarcadero,2021-09-01,37.792849,-122.396888,215854,189873
478,Embarcadero,2021-10-01,37.792849,-122.396888,243399,210936
479,Embarcadero,2021-11-01,37.792849,-122.396888,225902,198038
480,Embarcadero,2021-12-01,37.792849,-122.396888,213475,185033
481,Fremont,2020-01-01,37.557469,-121.976613,124331,122456
482,Fremont,2020-02-01,37.557469,-121.976613,117920,116479
483,Fremont,2020-03-01,37.557469,-121.976613,52201,48353
484,Fremont,2020-04-01,37.557469,-121.976613,8005,7101
485,Fremont,2020-05-01,37.557469,-121.976613,8803,8543
486,Fremont,2020-06-01,37.557469,-121.976613,12318,11367
487,Fremont,2020-07-01,37.557469,-121.976613,14864,13680
488,Fremont,2020-08-01,37.557469,-121.976613,13864,13052
489,Fremont,2020-09-01,37.557469,-121.976613,14008,13118
490,Fremont,2020-10-01,37.557469,-121.976613,15946,15261
491,Fremont,2020-11-01,37.557469,-121.976613,14133,13331
492,Fremont,2020-12-01,37.557469,-121.976613,13045,12426
493,Fremont,2021-01-01,37.557469,-121.976613,11791,11296
494,Fremont,2021-02-01,37.557469,-121.976613,12032,11716
495,Fremont,2021-03-01,37.557469,-121.976613,15210,14659
496,Fremont,2021-04-01,37.557469,-121.976613,16252,15681
497,Fremont,2021-05-01,37.557469,-121.976613,16722,16576
498,Fremont,2021-06-01,37.557469,-121.976613,20625,20341
499,Fremont,2021-07-01,37.557469,-121.976613,23523,22991
500,Fremont,2021-08-01,37.557469,-121.976613,26103,25579
501,Fremont,2021-09-01,37.557469,-121.976613,29350,28862
502,Fremont,2021-10-01,37.557469,-121.976613,29220,29039
503,Fremont,2021-11-01,37.557469,-121.976613,29205,28904
504,Fremont,2021-12-01,37.557469,-121.976613,27819,27511
505,Fruitvale,2020-01-01,37.77489,-122.224166,180450,179044
506,Fruitvale,2020-02-01,37.77489,-122.224166,180952,178123
507,Fruitvale,2020-03-01,37.77489,-122.224166,102004,99641
508,Fruitvale,2020-04-01,37.77489,-122.224166,28646,28713
509,Fruitvale,2020-05-01,37.77489,-122.224166,35172,34996
510,Fruitvale,2020-06-01,37.77489,-122.224166,44307,44492
511,Fruitvale,2020-07-01,37.77489,-122.224166,48539,48639
512,Fruitvale,2020-08-01,37.77489,-122.224166,47635,47547
513,Fruitvale,2020-09-01,37.77489,-122.224166,47485,47577
514,Fruitvale,2020-10-01,37.77489,-122.224166,52700,52859
515,Fruitvale,2020-11-01,37.77489,-122.224166,48551,48055
516,Fruitvale,2020-12-01,37.77489,-122.224166,46699,45784
517,Fruitvale,2021-01-01,37.77489,-122.224166,42621,41240
518,Fruitvale,2021-02-01,37.77489,-122.224166,44348,43480
519,Fruitvale,2021-03-01,37.77489,-122.224166,53658,52424
520,Fruitvale,2021-04-01,37.77489,-122.224166,56759,55172
521,Fruitvale,2021-05-01,37.77489,-122.224166,58109,57274
522,Fruitvale,2021-06-01,37.77489,-122.224166,62863,63419
523,Fruitvale,2021-07-01,37.77489,-122.224166,65603,65532
524,Fruitvale,2021-08-01,37.77489,-122.224166,73880,73454
525,Fruitvale,2021-09-01,37.77489,-122.224166,79177,78743
526,Fruitvale,2021-10-01,37.77489,-122.224166,80555,80700
527,Fruitvale,2021-11-01,37.77489,-122.224166,77761,78368
528,Fruitvale,2021-12-01,37.77489,-122.224166,74434,75392
529,Glen Park,2020-01-01,37.733107,-122.433777,170675,182178
530,Glen Park,2020-02-01,37.733107,-122.433777,160862,172045
531,Glen Park,2020-03-01,37.733107,-122.433777,73836,77770
532,Glen Park,2020-04-01,37.733107,-122.433777,11599,11710
533,Glen Park,2020-05-01,37.733107,-122.433777,13009,13394
534,Glen Park,2020-06-01,37.733107,-122.433777,18750,19141
535,Glen Park,2020-07-01,37.733107,-122.433777,20967,21578
536,Glen Park,2020-08-01,37.733107,-122.433777,20345,21037
537,Glen Park,2020-09-01,37.733107,-122.433777,21158,21725
538,Glen Park,2020-10-01,37.733107,-122.433777,24312,25245
539,Glen Park,2020-11-01,37.733107,-122.433777,21738,22475
540,Glen Park,2020-12-01,37.733107,-122.433777,19988,20907
541,Glen Park,2021-01-01,37.733107,-122.433777,18446,18860
542,Glen Park,2021-02-01,37.733107,-122.433777,19663,20571
543,Glen Park,2021-03-01,37.733107,-122.433777,24630,25580
544,Glen Park,2021-04-01,37.733107,-122.433777,26977,27688
545,Glen Park,2021-05-01,37.733107,-122.433777,30305,31782
546,Glen Park,2021-06-01,37.733107,-122.433777,36196,38243
547,Glen Park,2021-07-01,37.733107,-122.433777,39399,41619
548,Glen Park,2021-08-01,37.733107,-122.433777,43662,45433
549,Glen Park,2021-09-01,37.733107,-122.433777,49828,51071
550,Glen Park,2021-10-01,37.733107,-122.433777,52620,53849
551,Glen Park,2021-11-01,37.733107,-122.433777,51632,53205
552,Glen Park,2021-12-01,37.733107,-122.433777,50020,51955
553,Hayward,2020-01-01,37.669692,-122.086947,103029,103886
554,Hayward,2020-02-01,37.669692,-122.086947,103758,105688
555,Hayward,2020-03-01,37.669692,-122.086947,55279,55824
556,Hayward,2020-04-01,37.669692,-122.086947,12343,11911
557,Hayward,2020-05-01,37.669692,-122.086947,14937,14362
558,Hayward,2020-06-01,37.669692,-122.086947,18993,18627
559,Hayward,2020-07-01,37.669692,-122.086947,21576,20911
560,Hayward,2020-08-01,37.669692,-122.086947,20023,19138
561,Hayward,2020-09-01,37.669692,-122.086947,20248,19351
562,Hayward,2020-10-01,37.669692,-122.086947,24729,23859
563,Hayward,2020-11-01,37.669692,-122.086947,22154,21214
564,Hayward,2020-12-01,37.669692,-122.086947,20541,19786
565,Hayward,2021-01-01,37.669692,-122.086947,18832,17856
566,Hayward,2021-02-01,37.669692,-122.086947,19902,19282
567,Hayward,2021-03-01,37.669692,-122.086947,24100,23482
568,Hayward,2021-04-01,37.669692,-122.086947,25309,24903
569,Hayward,2021-05-01,37.669692,-122.086947,25512,25315
570,Hayward,2021-06-01,37.669692,-122.086947,28911,28342
571,Hayward,2021-07-01,37.669692,-122.086947,30203,30309
572,Hayward,2021-08-01,37.669692,-122.086947,35710,35356
573,Hayward,2021-09-01,37.669692,-122.086947,40443,40168
574,Hayward,2021-10-01,37.669692,-122.086947,40042,39921
575,Hayward,2021-11-01,37.669692,-122.086947,38224,37860
576,Hayward,2021-12-01,37.669692,-122.086947,34916,35228
577,Lafayette,2020-01-01,37.893181,-122.124634,81430,79682
578,Lafayette,2020-02-01,37.893181,-122.124634,75778,74940
579,Lafayette,2020-03-01,37.893181,-122.124634,30665,29528
580,Lafayette,2020-04-01,37.893181,-122.124634,2603,2298
581,Lafayette,2020-05-01,37.893181,-122.124634,3530,3088
582,Lafayette,2020-06-01,37.893181,-122.124634,5190,4702
583,Lafayette,2020-07-01,37.893181,-122.124634,6479,6020
584,Lafayette,2020-08-01,37.893181,-122.124634,6406,5862
585,Lafayette,2020-09-01,37.893181,-122.124634,6708,6230
586,Lafayette,2020-10-01,37.893181,-122.124634,8108,7656
587,Lafayette,2020-11-01,37.893181,-122.124634,7142,6830
588,Lafayette,2020-12-01,37.893181,-122.124634,6122,5777
589,Lafayette,2021-01-01,37.893181,-122.124634,5655,5336
590,Lafayette,2021-02-01,37.893181,-122.124634,6282,6028
591,Lafayette,2021-03-01,37.893181,-122.124634,8328,8069
592,Lafayette,2021-04-01,37.893181,-122.124634,9667,9235
593,Lafayette,2021-05-01,37.893181,-122.124634,11543,11336
594,Lafayette,2021-06-01,37.893181,-122.124634,14881,14947
595,Lafayette,2021-07-01,37.893181,-122.124634,17799,17942
596,Lafayette,2021-08-01,37.893181,-122.124634,19058,18907
597,Lafayette,2021-09-01,37.893181,-122.124634,20403,20285
598,Lafayette,2021-10-01,37.893181,-122.124634,22067,22536
599,Lafayette,2021-11-01,37.893181,-122.124634,21902,21777
600,Lafayette,2021-12-01,37.893181,-122.124634,20180,20608
601,Lake Merritt,2020-01-01,37.797288,-122.265214,160239,161615
602,Lake Merritt,2020-02-01,37.797288,-122.265214,163420,161960
603,Lake Merritt,2020-03-01,37.797288,-122.265214,76039,74791
604,Lake Merritt,2020-04-01,37.797288,-122.265214,12916,12072
605,Lake Merritt,2020-05-01,37.797288,-122.265214,16293,15075
606,Lake Merritt,2020-06-01,37.797288,-122.265214,23167,22213
607,Lake Merritt,2020-07-01,37.797288,-122.265214,25854,24809
608,Lake Merritt,2020-08-01,37.797288,-122.265214,25047,23717
609,Lake Merritt,2020-09-01,37.797288,-122.265214,25503,24064
610,Lake Merritt,2020-10-01,37.797288,-122.265214,29969,28399
611,Lake Merritt,2020-11-01,37.797288,-122.265214,26618,25270
612,Lake Merritt,2020-12-01,37.797288,-122.265214,23526,22088
613,Lake Merritt,2021-01-01,37.797288,-122.265214,21843,20576
614,Lake Merritt,2021-02-01,37.797288,-122.265214,23518,22180
615,Lake Merritt,2021-03-01,37.797288,-122.265214,29813,28259
616,Lake Merritt,2021-04-01,37.797288,-122.265214,32424,30126
617,Lake Merritt,2021-05-01,37.797288,-122.265214,35946,33191
618,Lake Merritt,2021-06-01,37.797288,-122.265214,41359,39175
619,Lake Merritt,2021-07-01,37.797288,-122.265214,43674,41768
620,Lake Merritt,2021-08-01,37.797288,-122.265214,48189,46130
621,Lake Merritt,2021-09-01,37.797288,-122.265214,53622,50932
622,Lake Merritt,2021-10-01,37.797288,-122.265214,54843,52522
623,Lake Merritt,2021-11-01,37.797288,-122.265214,51863,49943
624,Lake Merritt,2021-12-01,37.797288,-122.265214,48321,47550
625,MacArthur,2020-01-01,37.829078,-122.26705,211775,209625
626,MacArthur,2020-02-01,37.829078,-122.26705,200131,199523
627,MacArthur,2020-03-01,37.829078,-122.26705,95375,94034
628,MacArthur,2020-04-01,37.829078,-122.26705,17273,17249
629,MacArthur,2020-05-01,37.829078,-122.26705,19802,19576
630,MacArthur,2020-06-01,37.829078,-122.26705,25952,25939
631,MacArthur,2020-07-01,37.829078,-122.26705,28371,28063
632,MacArthur,2020-08-01,37.829078,-122.26705,27959,27834
633,MacArthur,2020-09-01,37.829078,-122.26705,28192,28085
634,MacArthur,2020-10-01,37.829078,-122.26705,32161,32261
635,MacArthur,2020-11-01,37.829078,-122.26705,28992,29069
636,MacArthur,2020-12-01,37.829078,-122.26705,26416,26456
637,MacArthur,2021-01-01,37.829078,-122.26705,24838,24654
638,MacArthur,2021-02-01,37.829078,-122.26705,26369,26457
639,MacArthur,2021-03-01,37.829078,-122.26705,32505,31915
640,MacArthur,2021-04-01,37.829078,-122.26705,35554,35191
641,MacArthur,2021-05-01,37.829078,-122.26705,39525,40542
642,MacArthur,2021-06-01,37.829078,-122.26705,46782,49346
643,MacArthur,2021-07-01,37.829078,-122.26705,52366,53861
644,MacArthur,2021-08-01,37.829078,-122.26705,58272,59433
645,MacArthur,2021-09-01,37.829078,-122.26705,65299,66506
646,MacArthur,2021-10-01,37.829078,-122.26705,67685,69915
647,MacArthur,2021-11-01,37.829078,-122.26705,64959,66904
648,MacArthur,2021-12-01,37.829078,-122.26705,61185,63234
649,Millbrae,2020-01-01,37.600189,-122.386837,134211,143599
650,Millbrae,2020-02-01,37.600189,-122.386837,123340,133751
651,Millbrae,2020-03-01,37.600189,-122.386837,48279,51182
652,Millbrae,2020-04-01,37.600189,-122.386837,4277,4352
653,Millbrae,2020-05-01,37.600189,-122.386837,4996,4849
654,Millbrae,2020-06-01,37.600189,-122.386837,8042,7813
655,Millbrae,2020-07-01,37.600189,-122.386837,9952,9932
656,Millbrae,2020-08-01,37.600189,-122.386837,9649,9717
657,Millbrae,2020-09-01,37.600189,-122.386837,9858,9988
658,Millbrae,2020-10-01,37.600189,-122.386837,10888,11374
659,Millbrae,2020-11-01,37.600189,-122.386837,9255,9665
660,Millbrae,2020-12-01,37.600189,-122.386837,8168,8689
661,Millbrae,2021-01-01,37.600189,-122.386837,7959,7895
662,Millbrae,2021-02-01,37.600189,-122.386837,8250,8325
663,Millbrae,2021-03-01,37.600189,-122.386837,11153,11245
664,Millbrae,2021-04-01,37.600189,-122.386837,12199,12323
665,Millbrae,2021-05-01,37.600189,-122.386837,15151,14623
666,Millbrae,2021-06-01,37.600189,-122.386837,19539,19585
667,Millbrae,2021-07-01,37.600189,-122.386837,23308,23669
668,Millbrae,2021-08-01,37.600189,-122.386837,25760,25990
669,Millbrae,2021-09-01,37.600189,-122.386837,30032,30059
670,Millbrae,2021-10-01,37.600189,-122.386837,31322,31489
671,Millbrae,2021-11-01,37.600189,-122.386837,32393,32179
672,Millbrae,2021-12-01,37.600189,-122.386837,21593,21753
673,Milpitas,2020-01-01,37.410277,-121.891081,0,0
674,Milpitas,2020-02-01,37.410277,-121.891081,0,0
675,Milpitas,2020-03-01,37.410277,-121.891081,0,0
676,Milpitas,2020-04-01,37.410277,-121.891081,0,0
677,Milpitas,2020-05-01,37.410277,-121.891081,0,0
678,Milpitas,2020-06-01,37.410277,-121.891081,2759,2709
679,Milpitas,2020-07-01,37.410277,-121.891081,4006,3929
680,Milpitas,2020-08-01,37.410277,-121.891081,4031,3965
681,Milpitas,2020-09-01,37.410277,-121.891081,4443,4401
682,Milpitas,2020-10-01,37.410277,-121.891081,5566,5460
683,Milpitas,2020-11-01,37.410277,-121.891081,5194,5162
684,Milpitas,2020-12-01,37.410277,-121.891081,4776,4710
685,Milpitas,2021-01-01,37.410277,-121.891081,4787,4731
686,Milpitas,2021-02-01,37.410277,-121.891081,4945,4919
687,Milpitas,2021-03-01,37.410277,-121.891081,6214,6007
688,Milpitas,2021-04-01,37.410277,-121.891081,7162,6955
689,Milpitas,2021-05-01,37.410277,-121.891081,7736,7675
690,Milpitas,2021-06-01,37.410277,-121.891081,8726,8547
691,Milpitas,2021-07-01,37.410277,-121.891081,10976,10798
692,Milpitas,2021-08-01,37.410277,-121.891081,12608,12505
693,Milpitas,2021-09-01,37.410277,-121.891081,15014,14737
694,Milpitas,2021-10-01,37.410277,-121.891081,15470,15168
695,Milpitas,2021-11-01,37.410277,-121.891081,16392,15934
696,Milpitas,2021-12-01,37.410277,-121.891081,14737,14148
697,Montgomery St,2020-01-01,37.789445,-122.401162,1005685,938043
698,Montgomery St,2020-02-01,37.789445,-122.401162,942471,876698
699,Montgomery St,2020-03-01,37.789445,-122.401162,393286,358634
700,Montgomery St,2020-04-01,37.789445,-122.401162,37096,30531
701,Montgomery St,2020-05-01,37.789445,-122.401162,43419,35985
702,Montgomery St,2020-06-01,37.789445,-122.401162,66621,55107
703,Montgomery St,2020-07-01,37.789445,-122.401162,76573,62879
704,Montgomery St,2020-08-01,37.789445,-122.401162,75999,61890
705,Montgomery St,2020-09-01,37.789445,-122.401162,81448,65878
706,Montgomery St,2020-10-01,37.789445,-122.401162,95334,76619
707,Montgomery St,2020-11-01,37.789445,-122.401162,83753,67662
708,Montgomery St,2020-12-01,37.789445,-122.401162,74002,59337
709,Montgomery St,2021-01-01,37.789445,-122.401162,66704,54339
710,Montgomery St,2021-02-01,37.789445,-122.401162,73060,60049
711,Montgomery St,2021-03-01,37.789445,-122.401162,96885,77686
712,Montgomery St,2021-04-01,37.789445,-122.401162,104102,82046
713,Montgomery St,2021-05-01,37.789445,-122.401162,114677,93653
714,Montgomery St,2021-06-01,37.789445,-122.401162,149509,122682
715,Montgomery St,2021-07-01,37.789445,-122.401162,171749,142244
716,Montgomery St,2021-08-01,37.789445,-122.401162,174819,147699
717,Montgomery St,2021-09-01,37.789445,-122.401162,192142,162769
718,Montgomery St,2021-10-01,37.789445,-122.401162,204653,171314
719,Montgomery St,2021-11-01,37.789445,-122.401162,201472,168761
720,Montgomery St,2021-12-01,37.789445,-122.401162,194484,160528
721,North Berkeley,2020-01-01,37.874005,-122.283531,97591,95556
722,North Berkeley,2020-02-01,37.874005,-122.283531,93931,92695
723,North Berkeley,2020-03-01,37.874005,-122.283531,38696,37643
724,North Berkeley,2020-04-01,37.874005,-122.283531,4482,4634
725,North Berkeley,2020-05-01,37.874005,-122.283531,5525,5712
726,North Berkeley,2020-06-01,37.874005,-122.283531,8034,8288
727,North Berkeley,2020-07-01,37.874005,-122.283531,8912,8964
728,North Berkeley,2020-08-01,37.874005,-122.283531,8894,8921
729,North Berkeley,2020-09-01,37.874005,-122.283531,8901,9026
730,North Berkeley,2020-10-01,37.874005,-122.283531,10253,10383
731,North Berkeley,2020-11-01,37.874005,-122.283531,9577,9660
732,North Berkeley,2020-12-01,37.874005,-122.283531,8640,8481
733,North Berkeley,2021-01-01,37.874005,-122.283531,8189,7968
734,North Berkeley,2021-02-01,37.874005,-122.283531,8659,8483
735,North Berkeley,2021-03-01,37.874005,-122.283531,10963,10733
736,North Berkeley,2021-04-01,37.874005,-122.283531,12827,12424
737,North Berkeley,2021-05-01,37.874005,-122.283531,15649,16128
738,North Berkeley,2021-06-01,37.874005,-122.283531,19512,20316
739,North Berkeley,2021-07-01,37.874005,-122.283531,22864,23782
740,North Berkeley,2021-08-01,37.874005,-122.283531,26006,25688
741,North Berkeley,2021-09-01,37.874005,-122.283531,29191,29727
742,North Berkeley,2021-10-01,37.874005,-122.283531,25170,31363
743,North Berkeley,2021-11-01,37.874005,-122.283531,26556,30212
744,North Berkeley,2021-12-01,37.874005,-122.283531,27422,28635
745,North Concord/Martinez,2020-01-01,38.00332,-122.024539,41218,44676
746,North Concord/Martinez,2020-02-01,38.00332,-122.024539,39890,42319
747,North Concord/Martinez,2020-03-01,38.00332,-122.024539,19843,20831
748,North Concord/Martinez,2020-04-01,38.00332,-122.024539,2822,3108
749,North Concord/Martinez,2020-05-01,38.00332,-122.024539,3047,3313
750,North Concord/Martinez,2020-06-01,38.00332,-122.024539,4518,5005
751,North Concord/Martinez,2020-07-01,38.00332,-122.024539,4886,5307
752,North Concord/Martinez,2020-08-01,38.00332,-122.024539,4833,5017
753,North Concord/Martinez,2020-09-01,38.00332,-122.024539,5085,5348
754,North Concord/Martinez,2020-10-01,38.00332,-122.024539,5746,6099
755,North Concord/Martinez,2020-11-01,38.00332,-122.024539,5004,5258
756,North Concord/Martinez,2020-12-01,38.00332,-122.024539,4524,4841
757,North Concord/Martinez,2021-01-01,38.00332,-122.024539,4302,4400
758,North Concord/Martinez,2021-02-01,38.00332,-122.024539,4556,4773
759,North Concord/Martinez,2021-03-01,38.00332,-122.024539,5670,6034
760,North Concord/Martinez,2021-04-01,38.00332,-122.024539,6234,6604
761,North Concord/Martinez,2021-05-01,38.00332,-122.024539,6771,6986
762,North Concord/Martinez,2021-06-01,38.00332,-122.024539,8096,8662
763,North Concord/Martinez,2021-07-01,38.00332,-122.024539,8987,9598
764,North Concord/Martinez,2021-08-01,38.00332,-122.024539,10045,10705
765,North Concord/Martinez,2021-09-01,38.00332,-122.024539,10504,11139
766,North Concord/Martinez,2021-10-01,38.00332,-122.024539,10786,11385
767,North Concord/Martinez,2021-11-01,38.00332,-122.024539,10901,11576
768,North Concord/Martinez,2021-12-01,38.00332,-122.024539,10390,11147
769,Oakland International Airport,2020-01-01,37.712967,-122.212427,24236,29995
770,Oakland International Airport,2020-02-01,37.712967,-122.212427,24184,26300
771,Oakland International Airport,2020-03-01,37.712967,-122.212427,9408,11118
772,Oakland International Airport,2020-04-01,37.712967,-122.212427,808,961
773,Oakland International Airport,2020-05-01,37.712967,-122.212427,1135,1626
774,Oakland International Airport,2020-06-01,37.712967,-122.212427,2139,2877
775,Oakland International Airport,2020-07-01,37.712967,-122.212427,2753,3814
776,Oakland International Airport,2020-08-01,37.712967,-122.212427,2751,4040
777,Oakland International Airport,2020-09-01,37.712967,-122.212427,2841,3957
778,Oakland International Airport,2020-10-01,37.712967,-122.212427,3422,4520
779,Oakland International Airport,2020-11-01,37.712967,-122.212427,3230,4222
780,Oakland International Airport,2020-12-01,37.712967,-122.212427,2576,3175
781,Oakland International Airport,2021-01-01,37.712967,-122.212427,1832,2968
782,Oakland International Airport,2021-02-01,37.712967,-122.212427,2429,3169
783,Oakland International Airport,2021-03-01,37.712967,-122.212427,3876,4844
784,Oakland International Airport,2021-04-01,37.712967,-122.212427,5455,6817
785,Oakland International Airport,2021-05-01,37.712967,-122.212427,7683,10150
786,Oakland International Airport,2021-06-01,37.712967,-122.212427,9884,12573
787,Oakland International Airport,2021-07-01,37.712967,-122.212427,12066,15736
788,Oakland International Airport,2021-08-01,37.712967,-122.212427,12551,16500
789,Oakland International Airport,2021-09-01,37.712967,-122.212427,14932,18283
790,Oakland International Airport,2021-10-01,37.712967,-122.212427,14534,18587
791,Oakland International Airport,2021-11-01,37.712967,-122.212427,16042,19012
792,Oakland International Airport,2021-12-01,37.712967,-122.212427,14941,15252
793,Orinda,2020-01-01,37.878426,-122.18374,66141,66025
794,Orinda,2020-02-01,37.878426,-122.18374,61016,61061
795,Orinda,2020-03-01,37.878426,-122.18374,24568,24189
796,Orinda,2020-04-01,37.878426,-122.18374,1996,2072
797,Orinda,2020-05-01,37.878426,-122.18374,2367,2425
798,Orinda,2020-06-01,37.878426,-122.18374,3884,3951
799,Orinda,2020-07-01,37.878426,-122.18374,4684,4737
800,Orinda,2020-08-01,37.878426,-122.18374,4491,4524
801,Orinda,2020-09-01,37.878426,-122.18374,4780,4900
802,Orinda,2020-10-01,37.878426,-122.18374,5491,5776
803,Orinda,2020-11-01,37.878426,-122.18374,4837,4960
804,Orinda,2020-12-01,37.878426,-122.18374,4198,4423
805,Orinda,2021-01-01,37.878426,-122.18374,3740,3818
806,Orinda,2021-02-01,37.878426,-122.18374,4295,4425
807,Orinda,2021-03-01,37.878426,-122.18374,5708,6035
808,Orinda,2021-04-01,37.878426,-122.18374,6740,6919
809,Orinda,2021-05-01,37.878426,-122.18374,8568,8723
810,Orinda,2021-06-01,37.878426,-122.18374,11524,12086
811,Orinda,2021-07-01,37.878426,-122.18374,13837,14586
812,Orinda,2021-08-01,37.878426,-122.18374,14112,14575
813,Orinda,2021-09-01,37.878426,-122.18374,15345,15955
814,Orinda,2021-10-01,37.878426,-122.18374,17343,18420
815,Orinda,2021-11-01,37.878426,-122.18374,16728,17295
816,Orinda,2021-12-01,37.878426,-122.18374,15022,16059
817,Pittsburg Center,2020-01-01,38.016941,-121.889457,25737,84842
818,Pittsburg Center,2020-02-01,38.016941,-121.889457,25206,80467
819,Pittsburg Center,2020-03-01,38.016941,-121.889457,15772,46102
820,Pittsburg Center,2020-04-01,38.016941,-121.889457,4726,10523
821,Pittsburg Center,2020-05-01,38.016941,-121.889457,5218,11693
822,Pittsburg Center,2020-06-01,38.016941,-121.889457,6686,16843
823,Pittsburg Center,2020-07-01,38.016941,-121.889457,7165,19331
824,Pittsburg Center,2020-08-01,38.016941,-121.889457,7303,19142
825,Pittsburg Center,2020-09-01,38.016941,-121.889457,7347,19771
826,Pittsburg Center,2020-10-01,38.016941,-121.889457,8135,22306
827,Pittsburg Center,2020-11-01,38.016941,-121.889457,7233,19738
828,Pittsburg Center,2020-12-01,38.016941,-121.889457,7004,18637
829,Pittsburg Center,2021-01-01,38.016941,-121.889457,6377,17081
830,Pittsburg Center,2021-02-01,38.016941,-121.889457,6738,17652
831,Pittsburg Center,2021-03-01,38.016941,-121.889457,8375,22197
832,Pittsburg Center,2021-04-01,38.016941,-121.889457,8362,23226
833,Pittsburg Center,2021-05-01,38.016941,-121.889457,8688,23688
834,Pittsburg Center,2021-06-01,38.016941,-121.889457,9546,27594
835,Pittsburg Center,2021-07-01,38.016941,-121.889457,7925,29240
836,Pittsburg Center,2021-08-01,38.016941,-121.889457,9572,30882
837,Pittsburg Center,2021-09-01,38.016941,-121.889457,11715,32511
838,Pittsburg Center,2021-10-01,38.016941,-121.889457,11995,33402
839,Pittsburg Center,2021-11-01,38.016941,-121.889457,11704,32344
840,Pittsburg Center,2021-12-01,38.016941,-121.889457,10597,31319
841,Pittsburg/Bay Point,2020-01-01,38.018909,-121.943967,85791,28603
842,Pittsburg/Bay Point,2020-02-01,38.018909,-121.943967,82763,27783
843,Pittsburg/Bay Point,2020-03-01,38.018909,-121.943967,47791,17186
844,Pittsburg/Bay Point,2020-04-01,38.018909,-121.943967,10437,4932
845,Pittsburg/Bay Point,2020-05-01,38.018909,-121.943967,11740,5702
846,Pittsburg/Bay Point,2020-06-01,38.018909,-121.943967,16927,6919
847,Pittsburg/Bay Point,2020-07-01,38.018909,-121.943967,19677,7467
848,Pittsburg/Bay Point,2020-08-01,38.018909,-121.943967,19243,7653
849,Pittsburg/Bay Point,2020-09-01,38.018909,-121.943967,19902,7559
850,Pittsburg/Bay Point,2020-10-01,38.018909,-121.943967,22195,8677
851,Pittsburg/Bay Point,2020-11-01,38.018909,-121.943967,20038,7559
852,Pittsburg/Bay Point,2020-12-01,38.018909,-121.943967,18808,7490
853,Pittsburg/Bay Point,2021-01-01,38.018909,-121.943967,17307,6540
854,Pittsburg/Bay Point,2021-02-01,38.018909,-121.943967,18076,6880
855,Pittsburg/Bay Point,2021-03-01,38.018909,-121.943967,22332,8365
856,Pittsburg/Bay Point,2021-04-01,38.018909,-121.943967,23340,8436
857,Pittsburg/Bay Point,2021-05-01,38.018909,-121.943967,23689,8425
858,Pittsburg/Bay Point,2021-06-01,38.018909,-121.943967,27458,9659
859,Pittsburg/Bay Point,2021-07-01,38.018909,-121.943967,28909,9831
860,Pittsburg/Bay Point,2021-08-01,38.018909,-121.943967,31002,10921
861,Pittsburg/Bay Point,2021-09-01,38.018909,-121.943967,33054,12041
862,Pittsburg/Bay Point,2021-10-01,38.018909,-121.943967,34230,12215
863,Pittsburg/Bay Point,2021-11-01,38.018909,-121.943967,33102,11829
864,Pittsburg/Bay Point,2021-12-01,38.018909,-121.943967,31803,11400
865,Pleasant Hill/Contra Costa Centre,2020-01-01,37.928437,-122.055965,170463,169367
866,Pleasant Hill/Contra Costa Centre,2020-02-01,37.928437,-122.055965,155327,157529
867,Pleasant Hill/Contra Costa Centre,2020-03-01,37.928437,-122.055965,68938,69029
868,Pleasant Hill/Contra Costa Centre,2020-04-01,37.928437,-122.055965,7314,7137
869,Pleasant Hill/Contra Costa Centre,2020-05-01,37.928437,-122.055965,8329,8360
870,Pleasant Hill/Contra Costa Centre,2020-06-01,37.928437,-122.055965,13058,12782
871,Pleasant Hill/Contra Costa Centre,2020-07-01,37.928437,-122.055965,15506,15315
872,Pleasant Hill/Contra Costa Centre,2020-08-01,37.928437,-122.055965,15116,14878
873,Pleasant Hill/Contra Costa Centre,2020-09-01,37.928437,-122.055965,15483,15421
874,Pleasant Hill/Contra Costa Centre,2020-10-01,37.928437,-122.055965,17990,17680
875,Pleasant Hill/Contra Costa Centre,2020-11-01,37.928437,-122.055965,15863,15752
876,Pleasant Hill/Contra Costa Centre,2020-12-01,37.928437,-122.055965,14767,14196
877,Pleasant Hill/Contra Costa Centre,2021-01-01,37.928437,-122.055965,13752,13353
878,Pleasant Hill/Contra Costa Centre,2021-02-01,37.928437,-122.055965,14656,14253
879,Pleasant Hill/Contra Costa Centre,2021-03-01,37.928437,-122.055965,18715,18741
880,Pleasant Hill/Contra Costa Centre,2021-04-01,37.928437,-122.055965,19602,19604
881,Pleasant Hill/Contra Costa Centre,2021-05-01,37.928437,-122.055965,22338,22474
882,Pleasant Hill/Contra Costa Centre,2021-06-01,37.928437,-122.055965,27697,28096
883,Pleasant Hill/Contra Costa Centre,2021-07-01,37.928437,-122.055965,31805,32156
884,Pleasant Hill/Contra Costa Centre,2021-08-01,37.928437,-122.055965,32626,32970
885,Pleasant Hill/Contra Costa Centre,2021-09-01,37.928437,-122.055965,35429,35680
886,Pleasant Hill/Contra Costa Centre,2021-10-01,37.928437,-122.055965,37505,38387
887,Pleasant Hill/Contra Costa Centre,2021-11-01,37.928437,-122.055965,37120,37460
888,Pleasant Hill/Contra Costa Centre,2021-12-01,37.928437,-122.055965,34633,35799
889,Powell St,2020-01-01,37.784866,-122.407004,617721,713549
890,Powell St,2020-02-01,37.784866,-122.407004,583378,673038
891,Powell St,2020-03-01,37.784866,-122.407004,250247,294871
892,Powell St,2020-04-01,37.784866,-122.407004,36526,42265
893,Powell St,2020-05-01,37.784866,-122.407004,41461,48385
894,Powell St,2020-06-01,37.784866,-122.407004,68242,79071
895,Powell St,2020-07-01,37.784866,-122.407004,88641,102442
896,Powell St,2020-08-01,37.784866,-122.407004,84885,97951
897,Powell St,2020-09-01,37.784866,-122.407004,92341,108389
898,Powell St,2020-10-01,37.784866,-122.407004,109531,128232
899,Powell St,2020-11-01,37.784866,-122.407004,102792,119291
900,Powell St,2020-12-01,37.784866,-122.407004,96153,112301
901,Powell St,2021-01-01,37.784866,-122.407004,83480,98746
902,Powell St,2021-02-01,37.784866,-122.407004,87946,104993
903,Powell St,2021-03-01,37.784866,-122.407004,112480,130036
904,Powell St,2021-04-01,37.784866,-122.407004,117548,134931
905,Powell St,2021-05-01,37.784866,-122.407004,127135,149883
906,Powell St,2021-06-01,37.784866,-122.407004,150289,174757
907,Powell St,2021-07-01,37.784866,-122.407004,171119,195792
908,Powell St,2021-08-01,37.784866,-122.407004,185118,212933
909,Powell St,2021-09-01,37.784866,-122.407004,198979,227891
910,Powell St,2021-10-01,37.784866,-122.407004,217348,245806
911,Powell St,2021-11-01,37.784866,-122.407004,217751,247389
912,Powell St,2021-12-01,37.784866,-122.407004,237588,265292
913,Richmond,2020-01-01,37.936758,-122.352963,103191,106127
914,Richmond,2020-02-01,37.936758,-122.352963,99989,103580
915,Richmond,2020-03-01,37.936758,-122.352963,58941,60158
916,Richmond,2020-04-01,37.936758,-122.352963,17176,17575
917,Richmond,2020-05-01,37.936758,-122.352963,19914,20183
918,Richmond,2020-06-01,37.936758,-122.352963,26278,26389
919,Richmond,2020-07-01,37.936758,-122.352963,28635,29311
920,Richmond,2020-08-01,37.936758,-122.352963,27840,28623
921,Richmond,2020-09-01,37.936758,-122.352963,27968,28913
922,Richmond,2020-10-01,37.936758,-122.352963,31009,31756
923,Richmond,2020-11-01,37.936758,-122.352963,27543,28299
924,Richmond,2020-12-01,37.936758,-122.352963,25822,26190
925,Richmond,2021-01-01,37.936758,-122.352963,20532,20868
926,Richmond,2021-02-01,37.936758,-122.352963,21664,21687
927,Richmond,2021-03-01,37.936758,-122.352963,28173,28352
928,Richmond,2021-04-01,37.936758,-122.352963,31261,31469
929,Richmond,2021-05-01,37.936758,-122.352963,32624,32997
930,Richmond,2021-06-01,37.936758,-122.352963,35996,36097
931,Richmond,2021-07-01,37.936758,-122.352963,37009,37766
932,Richmond,2021-08-01,37.936758,-122.352963,41411,41374
933,Richmond,2021-09-01,37.936758,-122.352963,45772,45612
934,Richmond,2021-10-01,37.936758,-122.352963,46650,46890
935,Richmond,2021-11-01,37.936758,-122.352963,44360,45040
936,Richmond,2021-12-01,37.936758,-122.352963,42574,43567
937,Rockridge,2020-01-01,37.844734,-122.251301,131277,123758
938,Rockridge,2020-02-01,37.844734,-122.251301,125844,119824
939,Rockridge,2020-03-01,37.844734,-122.251301,50774,47615
940,Rockridge,2020-04-01,37.844734,-122.251301,4267,4066
941,Rockridge,2020-05-01,37.844734,-122.251301,5746,5009
942,Rockridge,2020-06-01,37.844734,-122.251301,8582,7931
943,Rockridge,2020-07-01,37.844734,-122.251301,9488,9114
944,Rockridge,2020-08-01,37.844734,-122.251301,9349,8941
945,Rockridge,2020-09-01,37.844734,-122.251301,9720,9273
946,Rockridge,2020-10-01,37.844734,-122.251301,11393,10809
947,Rockridge,2020-11-01,37.844734,-122.251301,10535,9669
948,Rockridge,2020-12-01,37.844734,-122.251301,8883,8387
949,Rockridge,2021-01-01,37.844734,-122.251301,8389,7649
950,Rockridge,2021-02-01,37.844734,-122.251301,9701,8998
951,Rockridge,2021-03-01,37.844734,-122.251301,12905,12294
952,Rockridge,2021-04-01,37.844734,-122.251301,15469,14780
953,Rockridge,2021-05-01,37.844734,-122.251301,19236,18896
954,Rockridge,2021-06-01,37.844734,-122.251301,25007,25320
955,Rockridge,2021-07-01,37.844734,-122.251301,29548,29512
956,Rockridge,2021-08-01,37.844734,-122.251301,31995,31228
957,Rockridge,2021-09-01,37.844734,-122.251301,36843,36263
958,Rockridge,2021-10-01,37.844734,-122.251301,40920,40506
959,Rockridge,2021-11-01,37.844734,-122.251301,40358,39332
960,Rockridge,2021-12-01,37.844734,-122.251301,35490,35638
961,San Bruno,2020-01-01,37.637699,-122.416253,83855,82708
962,San Bruno,2020-02-01,37.637699,-122.416253,78933,78203
963,San Bruno,2020-03-01,37.637699,-122.416253,35846,35580
964,San Bruno,2020-04-01,37.637699,-122.416253,5807,5728
965,San Bruno,2020-05-01,37.637699,-122.416253,7193,7301
966,San Bruno,2020-06-01,37.637699,-122.416253,10200,10086
967,San Bruno,2020-07-01,37.637699,-122.416253,12710,12118
968,San Bruno,2020-08-01,37.637699,-122.416253,11436,11346
969,San Bruno,2020-09-01,37.637699,-122.416253,12874,12456
970,San Bruno,2020-10-01,37.637699,-122.416253,14974,14405
971,San Bruno,2020-11-01,37.637699,-122.416253,13458,12793
972,San Bruno,2020-12-01,37.637699,-122.416253,12332,11872
973,San Bruno,2021-01-01,37.637699,-122.416253,10682,10507
974,San Bruno,2021-02-01,37.637699,-122.416253,11886,11418
975,San Bruno,2021-03-01,37.637699,-122.416253,15009,14210
976,San Bruno,2021-04-01,37.637699,-122.416253,15921,14720
977,San Bruno,2021-05-01,37.637699,-122.416253,16532,15655
978,San Bruno,2021-06-01,37.637699,-122.416253,19221,17964
979,San Bruno,2021-07-01,37.637699,-122.416253,21698,20113
980,San Bruno,2021-08-01,37.637699,-122.416253,22725,21314
981,San Bruno,2021-09-01,37.637699,-122.416253,25464,23938
982,San Bruno,2021-10-01,37.637699,-122.416253,26781,24735
983,San Bruno,2021-11-01,37.637699,-122.416253,26095,23970
984,San Bruno,2021-12-01,37.637699,-122.416253,26241,24166
985,San Francisco International Airport,2020-01-01,37.615993,-122.392401,129124,165176
986,San Francisco International Airport,2020-02-01,37.615993,-122.392401,124395,143772
987,San Francisco International Airport,2020-03-01,37.615993,-122.392401,57269,67239
988,San Francisco International Airport,2020-04-01,37.615993,-122.392401,7110,7314
989,San Francisco International Airport,2020-05-01,37.615993,-122.392401,7076,7814
990,San Francisco International Airport,2020-06-01,37.615993,-122.392401,10434,11788
991,San Francisco International Airport,2020-07-01,37.615993,-122.392401,12567,15169
992,San Francisco International Airport,2020-08-01,37.615993,-122.392401,13468,16511
993,San Francisco International Airport,2020-09-01,37.615993,-122.392401,14632,18554
994,San Francisco International Airport,2020-10-01,37.615993,-122.392401,17885,21786
995,San Francisco International Airport,2020-11-01,37.615993,-122.392401,16378,20060
996,San Francisco International Airport,2020-12-01,37.615993,-122.392401,14615,15568
997,San Francisco International Airport,2021-01-01,37.615993,-122.392401,11301,15352
998,San Francisco International Airport,2021-02-01,37.615993,-122.392401,11882,14447
999,San Francisco International Airport,2021-03-01,37.615993,-122.392401,17755,20565
1000,San Francisco International Airport,2021-04-01,37.615993,-122.392401,22024,26194
1001,San Francisco International Airport,2021-05-01,37.615993,-122.392401,29352,37370
1002,San Francisco International Airport,2021-06-01,37.615993,-122.392401,40043,47622
1003,San Francisco International Airport,2021-07-01,37.615993,-122.392401,49549,60666
1004,San Francisco International Airport,2021-08-01,37.615993,-122.392401,52746,66141
1005,San Francisco International Airport,2021-09-01,37.615993,-122.392401,59528,74978
1006,San Francisco International Airport,2021-10-01,37.615993,-122.392401,61770,78190
1007,San Francisco International Airport,2021-11-01,37.615993,-122.392401,65854,78271
1008,San Francisco International Airport,2021-12-01,37.615993,-122.392401,66346,74303
1009,San Leandro,2020-01-01,37.72178,-122.160738,140336,138899
1010,San Leandro,2020-02-01,37.72178,-122.160738,134643,133974
1011,San Leandro,2020-03-01,37.72178,-122.160738,73082,72541
1012,San Leandro,2020-04-01,37.72178,-122.160738,18240,18114
1013,San Leandro,2020-05-01,37.72178,-122.160738,21019,21140
1014,San Leandro,2020-06-01,37.72178,-122.160738,26836,26805
1015,San Leandro,2020-07-01,37.72178,-122.160738,30139,30110
1016,San Leandro,2020-08-01,37.72178,-122.160738,30080,29301
1017,San Leandro,2020-09-01,37.72178,-122.160738,31169,30648
1018,San Leandro,2020-10-01,37.72178,-122.160738,34981,34713
1019,San Leandro,2020-11-01,37.72178,-122.160738,31261,30941
1020,San Leandro,2020-12-01,37.72178,-122.160738,29478,29081
1021,San Leandro,2021-01-01,37.72178,-122.160738,27104,26879
1022,San Leandro,2021-02-01,37.72178,-122.160738,28198,27898
1023,San Leandro,2021-03-01,37.72178,-122.160738,34868,34251
1024,San Leandro,2021-04-01,37.72178,-122.160738,36503,36151
1025,San Leandro,2021-05-01,37.72178,-122.160738,37373,37207
1026,San Leandro,2021-06-01,37.72178,-122.160738,42799,42761
1027,San Leandro,2021-07-01,37.72178,-122.160738,46560,46088
1028,San Leandro,2021-08-01,37.72178,-122.160738,52705,51821
1029,San Leandro,2021-09-01,37.72178,-122.160738,56581,56011
1030,San Leandro,2021-10-01,37.72178,-122.160738,57581,56693
1031,San Leandro,2021-11-01,37.72178,-122.160738,55300,54466
1032,San Leandro,2021-12-01,37.72178,-122.160738,53683,52862
1033,South Hayward,2020-01-01,37.634346,-122.057184,66356,69338
1034,South Hayward,2020-02-01,37.634346,-122.057184,64209,66994
1035,South Hayward,2020-03-01,37.634346,-122.057184,35372,36795
1036,South Hayward,2020-04-01,37.634346,-122.057184,8519,9067
1037,South Hayward,2020-05-01,37.634346,-122.057184,9959,10360
1038,South Hayward,2020-06-01,37.634346,-122.057184,13369,13793
1039,South Hayward,2020-07-01,37.634346,-122.057184,15252,15644
1040,South Hayward,2020-08-01,37.634346,-122.057184,14282,14575
1041,South Hayward,2020-09-01,37.634346,-122.057184,14444,14857
1042,South Hayward,2020-10-01,37.634346,-122.057184,16353,16733
1043,South Hayward,2020-11-01,37.634346,-122.057184,14245,14674
1044,South Hayward,2020-12-01,37.634346,-122.057184,13297,13750
1045,South Hayward,2021-01-01,37.634346,-122.057184,12719,12705
1046,South Hayward,2021-02-01,37.634346,-122.057184,12886,12992
1047,South Hayward,2021-03-01,37.634346,-122.057184,15910,15953
1048,South Hayward,2021-04-01,37.634346,-122.057184,16269,16500
1049,South Hayward,2021-05-01,37.634346,-122.057184,16984,16783
1050,South Hayward,2021-06-01,37.634346,-122.057184,18765,19218
1051,South Hayward,2021-07-01,37.634346,-122.057184,19704,20476
1052,South Hayward,2021-08-01,37.634346,-122.057184,22329,23073
1053,South Hayward,2021-09-01,37.634346,-122.057184,24655,25424
1054,South Hayward,2021-10-01,37.634346,-122.057184,26166,26745
1055,South Hayward,2021-11-01,37.634346,-122.057184,24355,25300
1056,South Hayward,2021-12-01,37.634346,-122.057184,22944,24146
1057,South San Francisco,2020-01-01,37.664206,-122.443964,78062,78500
1058,South San Francisco,2020-02-01,37.664206,-122.443964,73209,73641
1059,South San Francisco,2020-03-01,37.664206,-122.443964,35042,34855
1060,South San Francisco,2020-04-01,37.664206,-122.443964,4992,5252
1061,South San Francisco,2020-05-01,37.664206,-122.443964,5858,5945
1062,South San Francisco,2020-06-01,37.664206,-122.443964,8431,8594
1063,South San Francisco,2020-07-01,37.664206,-122.443964,10278,10226
1064,South San Francisco,2020-08-01,37.664206,-122.443964,9800,9279
1065,South San Francisco,2020-09-01,37.664206,-122.443964,10509,10139
1066,South San Francisco,2020-10-01,37.664206,-122.443964,11773,11593
1067,South San Francisco,2020-11-01,37.664206,-122.443964,10281,9983
1068,South San Francisco,2020-12-01,37.664206,-122.443964,9806,9421
1069,South San Francisco,2021-01-01,37.664206,-122.443964,8945,8535
1070,South San Francisco,2021-02-01,37.664206,-122.443964,9389,9209
1071,South San Francisco,2021-03-01,37.664206,-122.443964,11807,11653
1072,South San Francisco,2021-04-01,37.664206,-122.443964,12916,12385
1073,South San Francisco,2021-05-01,37.664206,-122.443964,13454,13107
1074,South San Francisco,2021-06-01,37.664206,-122.443964,16471,15957
1075,South San Francisco,2021-07-01,37.664206,-122.443964,18321,17763
1076,South San Francisco,2021-08-01,37.664206,-122.443964,19855,19212
1077,South San Francisco,2021-09-01,37.664206,-122.443964,21490,20848
1078,South San Francisco,2021-10-01,37.664206,-122.443964,23101,22055
1079,South San Francisco,2021-11-01,37.664206,-122.443964,22358,21266
1080,South San Francisco,2021-12-01,37.664206,-122.443964,21867,21108
1081,Union City,2020-01-01,37.590729,-122.017243,99789,102897
1082,Union City,2020-02-01,37.590729,-122.017243,96390,99115
1083,Union City,2020-03-01,37.590729,-122.017243,42986,46732
1084,Union City,2020-04-01,37.590729,-122.017243,7442,8191
1085,Union City,2020-05-01,37.590729,-122.017243,8817,9200
1086,Union City,2020-06-01,37.590729,-122.017243,11763,12464
1087,Union City,2020-07-01,37.590729,-122.017243,13360,14503
1088,Union City,2020-08-01,37.590729,-122.017243,12964,13824
1089,Union City,2020-09-01,37.590729,-122.017243,13364,14150
1090,Union City,2020-10-01,37.590729,-122.017243,14993,15498
1091,Union City,2020-11-01,37.590729,-122.017243,13534,14037
1092,Union City,2020-12-01,37.590729,-122.017243,12586,12541
1093,Union City,2021-01-01,37.590729,-122.017243,11475,11591
1094,Union City,2021-02-01,37.590729,-122.017243,12128,11910
1095,Union City,2021-03-01,37.590729,-122.017243,14901,14547
1096,Union City,2021-04-01,37.590729,-122.017243,16180,15751
1097,Union City,2021-05-01,37.590729,-122.017243,15698,15329
1098,Union City,2021-06-01,37.590729,-122.017243,19101,18896
1099,Union City,2021-07-01,37.590729,-122.017243,22163,21894
1100,Union City,2021-08-01,37.590729,-122.017243,25119,25015
1101,Union City,2021-09-01,37.590729,-122.017243,28397,28009
1102,Union City,2021-10-01,37.590729,-122.017243,27465,26984
1103,Union City,2021-11-01,37.590729,-122.017243,28602,27894
1104,Union City,2021-12-01,37.590729,-122.017243,26828,26682
1105,Walnut Creek,2020-01-01,37.905809,-122.067316,151483,147213
1106,Walnut Creek,2020-02-01,37.905809,-122.067316,139876,136719
1107,Walnut Creek,2020-03-01,37.905809,-122.067316,60701,58333
1108,Walnut Creek,2020-04-01,37.905809,-122.067316,6758,6539
1109,Walnut Creek,2020-05-01,37.905809,-122.067316,7906,7805
1110,Walnut Creek,2020-06-01,37.905809,-122.067316,12303,12028
1111,Walnut Creek,2020-07-01,37.905809,-122.067316,15372,14573
1112,Walnut Creek,2020-08-01,37.905809,-122.067316,15550,14876
1113,Walnut Creek,2020-09-01,37.905809,-122.067316,16153,15441
1114,Walnut Creek,2020-10-01,37.905809,-122.067316,18936,17806
1115,Walnut Creek,2020-11-01,37.905809,-122.067316,16729,16083
1116,Walnut Creek,2020-12-01,37.905809,-122.067316,14592,14339
1117,Walnut Creek,2021-01-01,37.905809,-122.067316,13217,12891
1118,Walnut Creek,2021-02-01,37.905809,-122.067316,14723,14206
1119,Walnut Creek,2021-03-01,37.905809,-122.067316,19360,18626
1120,Walnut Creek,2021-04-01,37.905809,-122.067316,21828,20787
1121,Walnut Creek,2021-05-01,37.905809,-122.067316,25026,24021
1122,Walnut Creek,2021-06-01,37.905809,-122.067316,30578,29923
1123,Walnut Creek,2021-07-01,37.905809,-122.067316,34764,34355
1124,Walnut Creek,2021-08-01,37.905809,-122.067316,37612,36262
1125,Walnut Creek,2021-09-01,37.905809,-122.067316,39532,38541
1126,Walnut Creek,2021-10-01,37.905809,-122.067316,42452,41733
1127,Walnut Creek,2021-11-01,37.905809,-122.067316,41991,40766
1128,Walnut Creek,2021-12-01,37.905809,-122.067316,39924,39315
1129,Warm Springs/South Fremont,2020-01-01,37.50233,-121.93942,94936,96888
1130,Warm Springs/South Fremont,2020-02-01,37.50233,-121.93942,93639,95809
1131,Warm Springs/South Fremont,2020-03-01,37.50233,-121.93942,37768,38657
1132,Warm Springs/South Fremont,2020-04-01,37.50233,-121.93942,4490,4332
1133,Warm Springs/South Fremont,2020-05-01,37.50233,-121.93942,6627,6567
1134,Warm Springs/South Fremont,2020-06-01,37.50233,-121.93942,6964,7470
1135,Warm Springs/South Fremont,2020-07-01,37.50233,-121.93942,5980,6663
1136,Warm Springs/South Fremont,2020-08-01,37.50233,-121.93942,5771,6499
1137,Warm Springs/South Fremont,2020-09-01,37.50233,-121.93942,6062,6978
1138,Warm Springs/South Fremont,2020-10-01,37.50233,-121.93942,6936,7674
1139,Warm Springs/South Fremont,2020-11-01,37.50233,-121.93942,6642,7127
1140,Warm Springs/South Fremont,2020-12-01,37.50233,-121.93942,6295,6934
1141,Warm Springs/South Fremont,2021-01-01,37.50233,-121.93942,5672,6262
1142,Warm Springs/South Fremont,2021-02-01,37.50233,-121.93942,6229,6917
1143,Warm Springs/South Fremont,2021-03-01,37.50233,-121.93942,7570,8147
1144,Warm Springs/South Fremont,2021-04-01,37.50233,-121.93942,7796,8448
1145,Warm Springs/South Fremont,2021-05-01,37.50233,-121.93942,8314,9015
1146,Warm Springs/South Fremont,2021-06-01,37.50233,-121.93942,10604,11379
1147,Warm Springs/South Fremont,2021-07-01,37.50233,-121.93942,11975,12963
1148,Warm Springs/South Fremont,2021-08-01,37.50233,-121.93942,13516,14664
1149,Warm Springs/South Fremont,2021-09-01,37.50233,-121.93942,15242,16394
1150,Warm Springs/South Fremont,2021-10-01,37.50233,-121.93942,16549,17700
1151,Warm Springs/South Fremont,2021-11-01,37.50233,-121.93942,16522,17868
1152,Warm Springs/South Fremont,2021-12-01,37.50233,-121.93942,15865,17390
1153,West Dublin/Pleasanton,2020-01-01,37.699746,-121.928064,80038,76254
1154,West Dublin/Pleasanton,2020-02-01,37.699746,-121.928064,75618,72108
1155,West Dublin/Pleasanton,2020-03-01,37.699746,-121.928064,29447,28195
1156,West Dublin/Pleasanton,2020-04-01,37.699746,-121.928064,2958,2784
1157,West Dublin/Pleasanton,2020-05-01,37.699746,-121.928064,3542,3465
1158,West Dublin/Pleasanton,2020-06-01,37.699746,-121.928064,5776,5472
1159,West Dublin/Pleasanton,2020-07-01,37.699746,-121.928064,7108,6613
1160,West Dublin/Pleasanton,2020-08-01,37.699746,-121.928064,6807,6711
1161,West Dublin/Pleasanton,2020-09-01,37.699746,-121.928064,7387,7092
1162,West Dublin/Pleasanton,2020-10-01,37.699746,-121.928064,8409,8030
1163,West Dublin/Pleasanton,2020-11-01,37.699746,-121.928064,7641,7134
1164,West Dublin/Pleasanton,2020-12-01,37.699746,-121.928064,7079,6686
1165,West Dublin/Pleasanton,2021-01-01,37.699746,-121.928064,6300,6012
1166,West Dublin/Pleasanton,2021-02-01,37.699746,-121.928064,6986,6483
1167,West Dublin/Pleasanton,2021-03-01,37.699746,-121.928064,8934,8425
1168,West Dublin/Pleasanton,2021-04-01,37.699746,-121.928064,9938,9315
1169,West Dublin/Pleasanton,2021-05-01,37.699746,-121.928064,11143,10665
1170,West Dublin/Pleasanton,2021-06-01,37.699746,-121.928064,13243,12917
1171,West Dublin/Pleasanton,2021-07-01,37.699746,-121.928064,14891,14548
1172,West Dublin/Pleasanton,2021-08-01,37.699746,-121.928064,16520,15956
1173,West Dublin/Pleasanton,2021-09-01,37.699746,-121.928064,17022,16450
1174,West Dublin/Pleasanton,2021-10-01,37.699746,-121.928064,18133,17558
1175,West Dublin/Pleasanton,2021-11-01,37.699746,-121.928064,17630,17068
1176,West Dublin/Pleasanton,2021-12-01,37.699746,-121.928064,17442,16769
1177,West Oakland,2020-01-01,37.804882,-122.295148,169793,188393
1178,West Oakland,2020-02-01,37.804882,-122.295148,164883,183601
1179,West Oakland,2020-03-01,37.804882,-122.295148,79111,87077
1180,West Oakland,2020-04-01,37.804882,-122.295148,15865,16626
1181,West Oakland,2020-05-01,37.804882,-122.295148,18623,19396
1182,West Oakland,2020-06-01,37.804882,-122.295148,26411,27122
1183,West Oakland,2020-07-01,37.804882,-122.295148,28806,30127
1184,West Oakland,2020-08-01,37.804882,-122.295148,28340,30133
1185,West Oakland,2020-09-01,37.804882,-122.295148,29516,30720
1186,West Oakland,2020-10-01,37.804882,-122.295148,33740,35694
1187,West Oakland,2020-11-01,37.804882,-122.295148,31178,32975
1188,West Oakland,2020-12-01,37.804882,-122.295148,29168,30597
1189,West Oakland,2021-01-01,37.804882,-122.295148,26287,27285
1190,West Oakland,2021-02-01,37.804882,-122.295148,27872,28760
1191,West Oakland,2021-03-01,37.804882,-122.295148,33899,35327
1192,West Oakland,2021-04-01,37.804882,-122.295148,35250,37313
1193,West Oakland,2021-05-01,37.804882,-122.295148,38851,41355
1194,West Oakland,2021-06-01,37.804882,-122.295148,44876,48673
1195,West Oakland,2021-07-01,37.804882,-122.295148,47708,51602
1196,West Oakland,2021-08-01,37.804882,-122.295148,51241,54594
1197,West Oakland,2021-09-01,37.804882,-122.295148,56317,59821
1198,West Oakland,2021-10-01,37.804882,-122.295148,60256,65760
1199,West Oakland,2021-11-01,37.804882,-122.295148,57836,62974
1200,West Oakland,2021-12-01,37.804882,-122.295148,55755,61401